use MOVIES;

INSERT INTO ACTOR
VALUES	 ('111111111','Brad','Pitt')
		,('111111112','George','Clooney')
        ,('111111113','Matt','Damon')
        ,('111111114','Matthew','McConaughey')
        ,('111111115','Tom','Cruise')
        ,('111111116','Woddy','Allen');
        
INSERT INTO DIRECTOR
VALUES	 ('222222221','Eirc','Rohmer',null)
		,('222222222','George','Clooney','111111112')
        ,('222222223','David','Fincher',null)
        ,('222222224','Quentine','Tarantino',null)
        ,('222222225','Woddy','Allen','111111116');
        
INSERT INTO MOVIE
VALUES	 ('333333331','Green Flash','222222221')
		,('333333332','Good night and Good luck','222222222')
        ,('333333333','Fight Club','222222223')
        ,('333333334','Once upon a time in hollywood','222222224')
        ,('333333335','Manhatten','222222225');
        
INSERT INTO PRODUCER
VALUES	 ('444444441','Yosep','Kim',null)
		,('444444442','Brad','Pitt','111111111')
        ,('444444443','Coco','Chanel',null)
        ,('444444444','Matt','Damon','111111113')
        ,('444444445','Seunghyup','Na',null);
        
INSERT INTO PERFORMS_IN
VALUES	 ('333333332','111111112')
		,('333333332','111111113')
        ,('333333332','111111111')
        ,('333333333','111111111')
        ,('333333333','111111114')
        ,('333333333','111111115')
        ,('333333334','111111111')
        ,('333333334','111111115')
        ,('333333335','111111116')
        ,('333333335','111111114')
        ,('333333331','111111114')
        ,('333333331','111111111')
        ,('333333331','111111112')
        ,('333333331','111111113');

INSERT INTO LEAD_ROLE
VALUES	 ('333333332','111111112')
		,('333333332','111111113')
        ,('333333333','111111111')
        ,('333333333','111111114')
        ,('333333334','111111111')
        ,('333333334','111111115')
        ,('333333335','111111116')
        ,('333333335','111111114')
        ,('333333331','111111114')
        ,('333333331','111111111');
        
INSERT INTO PRODUCES
VALUES	 ('333333331','444444444')
		,('333333332','444444443')
        ,('333333333','444444441')
        ,('333333334','444444442')
        ,('333333335','444444445')
        ,('333333335','444444443');
        
